{
  "dataset": {
    "rows": 1864053,
    "cells": 729,
    "days": 2557,
    "period": "2018-2024",
    "test_period": "2024"
  },
  "data_sources": {
    "rainfall": "Open-Meteo ERA5 (real)",
    "elevation": "Open-Meteo/SRTM (real)",
    "rivers_roads_buildings": "OpenStreetMap Overpass (real)",
    "flood_polygon": "terrain-hydrology susceptibility proxy"
  },
  "supervised_results": {
    "LogisticRegression": {
      "macro_f1": 0.7491519274813233,
      "accuracy": 0.7807686253345026,
      "high_recall": 0.8205729262800399
    },
    "DecisionTree": {
      "macro_f1": 0.7528515187560916,
      "accuracy": 0.7831747959252513,
      "high_recall": 0.7929048691350733
    },
    "RandomForest": {
      "macro_f1": 0.8305682254750506,
      "accuracy": 0.8466197425922178,
      "high_recall": 0.8667355753257779,
      "spatial_agreement_high_in_zone": 0.29458675224350966
    },
    "XGBoost": {
      "macro_f1": 0.8125286870888203,
      "accuracy": 0.8330372469210761,
      "high_recall": 0.8465982502122633,
      "spatial_agreement_high_in_zone": 0.29697217039800994
    },
    "RainfallThreshold": {
      "macro_f1": 0.6225626198756358,
      "accuracy": 0.6374215745800446,
      "high_recall": 0.9021558566207686
    },
    "StaticPolygon": {
      "macro_f1": 0.32402405790519556,
      "accuracy": 0.5079643496967925,
      "high_recall": 0.29229576580899996
    }
  },
  "hmm": {
    "decoded_state_accuracy": 0.4496406486296259,
    "next_step_accuracy": 0.44468916838939443,
    "spatial_agreement_high_in_zone": 0.1861439048179911,
    "transition_matrix": [
      [
        0.8340869003885196,
        0.15845144644228418,
        0.007461653169196198
      ],
      [
        0.08158725250169556,
        0.8000932624010527,
        0.1183194850972517
      ],
      [
        0.0,
        0.09379643507487266,
        0.9062035649251273
      ]
    ]
  },
  "targets_met": {
    "macro_f1>=0.75": true,
    "high_recall>=0.80": true,
    "spatial_agreement>=0.70": false
  },
  "spatial_validation": {
    "official_zone_base_rate": 0.18655692729766804,
    "share_predicted_high_in_official_zone": 0.29697217039800994,
    "enrichment_lift": 1.5918581780893326,
    "high_rate_inside_zone": 0.30699533911925425,
    "high_rate_outside_zone": 0.16667588164284594,
    "inside_outside_odds_ratio": 1.8418701979755276,
    "interpretation": "Official national polygons cover only ~19% of the corridor; predicted-High pressure is enriched in the official zone but extends beyond it, reflecting the dynamic rainfall-driven footprint the static map omits."
  }
}